INSERT INTO Person (FirstName, LastName, ID, DateOfBirth, Telephone, MobilePhone, City, Street, NumberStreet, PersonImage) VALUES
('John', 'Doe', '1234567890', '1990-01-01', '123456789', '987654321', 'New York', 'Main Street', '123', 'http://example.com/image1'),
('Jane', 'Smith', '0987654321', '1995-05-10', '987654321', '123456789', 'Los Angeles', 'First Avenue', '456', 'http://example.com/image2'),
('David', 'Johnson', '5678901234', '1988-12-15', '567890123', '123987456', 'Chicago', 'Oak Street', '789', 'http://example.com/image3'),
('Sarah', 'Williams', '4321098765', '1992-08-25', '987123456', '654321987', 'Houston', 'Maple Road', '321', 'http://example.com/image4'),
('Michael', 'Brown', '9876543210', '1998-03-05', '654789321', '321654987', 'San Francisco', 'Elm Avenue', '654', 'http://example.com/image5'),
('Emily', 'Davis', '3456789012', '1991-11-20', '321456987', '987321654', 'Boston', 'Cedar Lane', '987', 'http://example.com/image6'),
('Daniel', 'Taylor', '2109876543', '1994-06-15', '789321654', '654987321', 'Seattle', 'Pine Street', '147', 'http://example.com/image7'),
('Olivia', 'Anderson', '8765432109', '1997-02-12', '321987654', '987321654', 'Miami', 'Willow Avenue', '258', 'http://example.com/image8'),
('James', 'Thomas', '6543210987', '1985-09-30', '987654321', '321654987', 'Dallas', 'Birch Road', '369', 'http://example.com/image9'),
('Sophia', 'Martinez', '1098765432', '1993-04-08', '654321987', '987321654', 'Phoenix', 'Chestnut Lane', '963', 'http://example.com/image10'),
('Robert', 'Wilson', '6549873210', '1996-07-16', '123456789', '987654321', 'New York', 'Maple Street', '852', 'http://example.com/image11'),
('Lily', 'Lee', '3210987654', '1990-02-28', '987654321', '123456789', 'Los Angeles', 'Oak Avenue', '753', 'http://example.com/image12'),
('Christopher', 'Clark', '9870123456', '1989-12-10', '567890123', '123987456', 'Chicago', 'Pine Road', '951', 'http://example.com/image13'),
('Samantha', 'Young', '4567890123', '1993-09-14', '987123456', '654321987', 'Houston', 'Cedar Street', '357', 'http://example.com/image14'),
('Matthew', 'Walker', '5432109876', '1997-05-07', '654789321', '321654987', 'San Francisco', 'Birch Avenue', '456', 'http://example.com/image15'),
('Ava', 'Lewis', '8901234567', '1991-08-12', '321456987', '987321654', 'Boston', 'Willow Lane', '258', 'http://example.com/image16'),
('Andrew', 'Hall', '2109876543', '1995-03-24', '789321654', '654987321', 'Seattle', 'Elm Street', '852', 'http://example.com/image17'),
('Mia', 'Wright', '8765432109', '1998-11-09', '321987654', '987321654', 'Miami', 'Oak Lane', '753', 'http://example.com/image18'),
('Joseph', 'Green', '6543210987', '1987-04-17', '987654321', '321654987', 'Dallas', 'Maple Road', '951', 'http://example.com/image19'),
('Charlotte', 'Lopez', '1098765432', '1994-01-23', '654321987', '987321654', 'Phoenix', 'Cedar Lane', '357', 'http://example.com/image20'),
('William', 'Harris', '9876543210', '1992-06-11', '123456789', '987654321', 'New York', 'Birch Avenue', '654', 'http://example.com/image21'),
('Grace', 'Adams', '2109876543', '1988-10-19', '987654321', '123456789', 'Los Angeles', 'Willow Street', '987', 'http://example.com/image22'),
('Ethan', 'Allen', '5678901234', '1993-12-04', '567890123', '123987456', 'Chicago', 'Elm Road', '321', 'http://example.com/image23'),
('Victoria', 'Scott', '4321098765', '1996-02-09', '987123456', '654321987', 'Houston', 'Cedar Avenue', '654', 'http://example.com/image24'),
('Alexander', 'King', '3456789012', '1991-07-22', '654789321', '321654987', 'San Francisco', 'Oak Lane', '987', 'http://example.com/image25'),
('Chloe', 'Turner', '1098765432', '1995-09-28', '321456987', '987321654', 'Boston', 'Birch Street', '147', 'http://example.com/image26'),
('Benjamin', 'Baker', '9876543210', '1998-04-13', '789321654', '654987321', 'Seattle', 'Willow Road', '258', 'http://example.com/image27'),
('Zoe', 'Hill', '2109876543', '1992-01-06', '321987654', '987321654', 'Miami', 'Elm Avenue', '369', 'http://example.com/image28'),
('Henry', 'Carter', '6543210987', '1987-06-26', '987654321', '321654987', 'Dallas', 'Cedar Lane', '963', 'http://example.com/image29'),
('Ella', 'Mitchell', '1098765432', '1993-09-09', '654321987', '987321654', 'Phoenix', 'Oak Road', '654', 'http://example.com/image30'),
('Jackson', 'Price', '9876543210', '1996-11-03', '123456789', '987654321', 'New York', 'Birch Street', '852', 'http://example.com/image31'),
('Stella', 'Morris', '3210987654', '1990-08-17', '987654321', '123456789', 'Los Angeles', 'Willow Avenue', '753', 'http://example.com/image32'),
('Sebastian', 'Cook', '9870123456', '1995-02-28', '567890123', '123987456', 'Chicago', 'Elm Road', '951', 'http://example.com/image33'),
('Lucy', 'Rogers', '4567890123', '1998-01-01', '987123456', '654321987', 'Houston', 'Cedar Street', '357', 'http://example.com/image34'),
('Owen', 'Gray', '5432109876', '1991-04-25', '654789321', '321654987', 'San Francisco', 'Oak Avenue', '456', 'http://example.com/image35'),
('Avery', 'James', '8901234567', '1994-12-07', '321456987', '987321654', 'Boston', 'Willow Lane', '789', 'http://example.com/image36'),
('Gabriel', 'Bell', '2109876543', '1997-07-10', '789321654', '654987321', 'Seattle', 'Elm Street', '321', 'http://example.com/image37'),
('Madison', 'Ward', '8765432109', '1992-10-16', '321987654', '987321654', 'Miami', 'Oak Lane', '852', 'http://example.com/image38'),
('Isaac', 'Bailey', '6543210987', '1995-03-12', '987654321', '321654987', 'Dallas', 'Maple Road', '753', 'http://example.com/image39'),
('Scarlett', 'Cooper', '1098765432', '1990-06-27', '654321987', '987321654', 'Phoenix', 'Cedar Lane', '951', 'http://example.com/image40'),
('Luke', 'Richardson', '9876543210', '1993-02-19', '123456789', '987654321', 'New York', 'Birch Avenue', '357', 'http://example.com/image41'),
('Aria', 'Reed', '2109876543', '1988-05-15', '987654321', '123456789', 'Los Angeles', 'Willow Street', '654', 'http://example.com/image42'),
('Caleb', 'Turner', '5678901234', '1992-09-03', '567890123', '123987456', 'Chicago', 'Elm Road', '987', 'http://example.com/image43'),
('Grace', 'Mitchell', '4321098765', '1997-11-29', '987123456', '654321987', 'Houston', 'Cedar Avenue', '321', 'http://example.com/image44'),
('Julian', 'Parker', '3456789012', '1991-01-14', '654789321', '321654987', 'San Francisco', 'Oak Lane', '654', 'http://example.com/image45'),
('Layla', 'Collins', '1098765432', '1995-08-07', '321456987', '987321654', 'Boston', 'Birch Street', '987', 'http://example.com/image46'),
('Levi', 'Edwards', '9876543210', '1998-12-23', '789321654', '654987321', 'Seattle', 'Willow Road', '147', 'http://example.com/image47'),
('Nora', 'Cox', '2109876543', '1992-03-18', '321987654', '987321654', 'Miami', 'Elm Avenue', '258', 'http://example.com/image48'),
('Henry', 'Brooks', '6543210987', '1989-07-04', '987654321', '321654987', 'Dallas', 'Cedar Lane', '369', 'http://example.com/image49'),
('Evelyn', 'Hayes', '1098765432', '1994-10-30', '654321987', '987321654', 'Phoenix', 'Oak Road', '963', 'http://example.com/image50'),
('Jack', 'Simmons', '9876543210', '1997-03-11', '123456789', '987654321', 'New York', 'Birch Street', '654', 'http://example.com/image51'),
('Hazel', 'Foster', '3210987654', '1990-12-26', '987654321', '123456789', 'Los Angeles', 'Willow Avenue', '852', 'http://example.com/image52'),
('Wyatt', 'Gonzalez', '9870123456', '1995-05-09', '567890123', '123987456', 'Chicago', 'Elm Road', '753', 'http://example.com/image53'),
('Luna', 'Butler', '4567890123', '1998-09-02', '987123456', '654321987', 'Houston', 'Cedar Street', '456', 'http://example.com/image54'),
('Grayson', 'Barnes', '5432109876', '1991-02-15', '654789321', '321654987', 'San Francisco', 'Oak Avenue', '789', 'http://example.com/image55'),
('Aubrey', 'Fisher', '8901234567', '1994-09-28', '321456987', '987321654', 'Boston', 'Willow Lane', '321', 'http://example.com/image56'),
('Ryan', 'Cole', '2109876543', '1997-12-11', '789321654', '654987321', 'Seattle', 'Elm Street', '654', 'http://example.com/image57'),
('Zoe', 'Jenkins', '8765432109', '1993-03-14', '321987654', '987321654', 'Miami', 'Oak Lane', '987', 'http://example.com/image58'),
('Nathan', 'Ward', '6543210987', '1996-09-30', '987654321', '321654987', 'Dallas', 'Maple Road', '147', 'http://example.com/image59'),
('Penelope', 'Sullivan', '1098765432', '1990-04-08', '654321987', '987321654', 'Phoenix', 'Cedar Lane', '258', 'http://example.com/image60'),
('Samuel', 'Powell', '9876543210', '1993-08-22', '123456789', '987654321', 'New York', 'Birch Avenue', '963', 'http://example.com/image61'),
('Lillian', 'Long', '2109876543', '1988-11-10', '987654321', '123456789', 'Los Angeles', 'Willow Street', '456', 'http://example.com/image62'),
('Leo', 'Hughes', '5678901234', '1993-01-24', '567890123', '123987456', 'Chicago', 'Elm Road', '789', 'http://example.com/image63'),
('Sofia', 'Flores', '4321098765', '1996-06-14', '987123456', '654321987', 'Houston', 'Cedar Avenue', '321', 'http://example.com/image64'),
('Anthony', 'Washington', '3456789012', '1991-10-17', '654789321', '321654987', 'San Francisco', 'Oak Lane', '654', 'http://example.com/image65'),
('Mila', 'Butler', '1098765432', '1995-12-31', '321456987', '987321654', 'Boston', 'Birch Street', '987', 'http://example.com/image66'),
('Isaiah', 'Simmons', '9876543210', '1998-05-26', '789321654', '654987321', 'Seattle', 'Willow Road', '369', 'http://example.com/image67'),
('Elizabeth', 'Gonzalez', '2109876543', '1992-08-19', '321987654', '987321654', 'Miami', 'Elm Avenue', '852', 'http://example.com/image68'),
('Daniel', 'Barnes', '6543210987', '1995-11-27', '987654321', '321654987', 'Dallas', 'Cedar Lane', '753', 'http://example.com/image69'),
('Josephine', 'Foster', '1098765432', '1990-02-01', '654321987', '987321654', 'Phoenix', 'Oak Road', '951', 'http://example.com/image70'),
('Andrew', 'Cole', '9876543210', '1993-05-16', '123456789', '987654321', 'New York', 'Birch Street', '357', 'http://example.com/image71'),
('Aaliyah', 'Jenkins', '2109876543', '1988-08-13', '987654321', '123456789', 'Los Angeles', 'Willow Street', '654', 'http://example.com/image72'),
('Grayson', 'Hughes', '5678901234', '1993-11-19', '567890123', '123987456', 'Chicago', 'Elm Road', '987', 'http://example.com/image73'),
('Eleanor', 'Flores', '4321098765', '1996-04-25', '987123456', '654321987', 'Houston', 'Cedar Avenue', '321', 'http://example.com/image74'),
('David', 'Washington', '3456789012', '1991-07-08', '654789321', '321654987', 'San Francisco', 'Oak Lane', '654', 'http://example.com/image75'),
('Sophie', 'Butler', '1098765432', '1995-10-23', '321456987', '987321654', 'Boston', 'Birch Street', '987', 'http://example.com/image76'),
('Henry', 'Simmons', '9876543210', '1998-03-09', '789321654', '654987321', 'Seattle', 'Willow Road', '147', 'http://example.com/image77'),
('Ava', 'Gonzalez', '2109876543', '1992-06-02', '321987654', '987321654', 'Miami', 'Elm Avenue', '258', 'http://example.com/image78'),
('Oliver', 'Barnes', '6543210987', '1995-09-10', '987654321', '321654987', 'Dallas', 'Cedar Lane', '369', 'http://example.com/image79'),
('Amelia', 'Foster', '1098765432', '1990-12-18', '654321987', '987321654', 'Phoenix', 'Oak Road', '963', 'http://example.com/image80'),
('Daniel', 'Smith', '9876543210', '1993-04-13', '123456789', '987654321', 'New York', 'Birch Street', '654', 'http://example.com/image81'),
('Avery', 'Jenkins', '2109876543', '1988-07-07', '987654321', '123456789', 'Los Angeles', 'Willow Street', '852', 'http://example.com/image82'),
('Eli', 'Hughes', '5678901234', '1993-10-11', '567890123', '123987456', 'Chicago', 'Elm Road', '753', 'http://example.com/image83'),
('Abigail', 'Flores', '4321098765', '1996-03-06', '987123456', '654321987', 'Houston', 'Cedar Avenue', '456', 'http://example.com/image84'),
('Carter', 'Washington', '3456789012', '1991-06-23', '654789321', '321654987', 'San Francisco', 'Oak Lane', '789', 'http://example.com/image85'),
('Emily', 'Butler', '1098765432', '1995-09-30', '321456987', '987321654', 'Boston', 'Birch Street', '321', 'http://example.com/image86'),
('Sebastian', 'Simmons', '9876543210', '1998-02-24', '789321654', '654987321', 'Seattle', 'Willow Road', '654', 'http://example.com/image87'),
('Scarlett', 'Gonzalez', '2109876543', '1992-05-20', '321987654', '987321654', 'Miami', 'Elm Avenue', '987', 'http://example.com/image88'),
('Michael', 'Barnes', '6543210987', '1995-08-27', '987654321', '321654987', 'Dallas', 'Cedar Lane', '147', 'http://example.com/image89'),
('Mia', 'Foster', '1098765432', '1990-12-03', '654321987', '987321654', 'Phoenix', 'Oak Road', '258', 'http://example.com/image90');


INSERT INTO CoronaTest (PersonId, PositiveDate, RecoveryDate) VALUES
(1, '2023-03-15', '2023-04-01'),
(2, '2023-02-20', '2023-03-10'),
(3, '2023-01-10', '2023-01-25'),
(4, '2023-05-05', null),
(5, '2022-07-18', null),
(6, '2022-06-02', '2022-06-20'),
(7, '2022-04-12', '2022-04-30'),
(8, '2023-03-01', '2023-03-20'),
(9, '2022-08-10', '2022-08-25'),
(10, '2022-09-15', '2022-10-01'),
(11, '2022-06-20', '2022-07-10'),
(12, '2023-03-05', '2023-03-15'),
(13, '2022-07-30', '2022-08-15'),
(14, '2022-10-18', '2022-11-05'),
(15, '2022-11-02', '2022-11-20'),
(16, '2023-04-25', '2023-05-10'),
(17, '2022-08-05', '2022-08-20'),
(18, '2022-12-12', '2022-12-25'),
(19, '2022-06-08', '2022-06-25'),
(20, '2022-09-20', '2022-10-10'),
(21, '2022-05-15', '2022-05-30'),
(22, '2023-02-10', '2023-04-28'),
(23, '2022-11-15', '2022-12-01'),
(24, '2023-03-20', '2023-04-05'),
(25, '2022-08-01', '2022-08-15'),
(26, '2022-12-10', '2022-12-30'),
(27, '2022-05-30', '2022-06-15'),
(28, '2022-09-10', '2022-09-25'),
(29, '2022-07-05', '2022-07-20'),
(30, '2022-11-25', '2022-12-10'),
(31, '2023-04-10', '2023-04-25'),
(32, '2022-10-02', '2022-10-20'),
(33, '2022-08-15', '2022-08-30'),
(34, '2022-12-05', '2022-12-20'),
(35, '2022-06-15', '2022-06-30'),
(36, '2022-09-05', '2022-09-20'),
(37, '2022-11-20', '2022-12-10'),
(38, '2022-03-25', '2022-04-10'),
(39, '2022-07-10', '2022-07-25'),
(40, '2022-10-10', '2022-10-25'),
(41, '2023-04-15', '2023-05-01'),
(42, '2022-08-20', '2022-09-05'),
(43, '2022-12-15', '2022-12-30'),
(44, '2022-06-30', '2022-07-15'),
(45, '2022-09-15', '2022-09-30'),
(46, '2022-11-30', '2022-12-15'),
(47, '2023-04-05', '2023-04-20'),
(48, '2022-08-10', '2022-08-25'),
(49, '2022-12-20', '2023-01-05'),
(50, '2022-07-15', '2022-07-30'),
(51, '2022-09-25', '2022-10-10'),
(52, '2022-12-01', '2022-12-15'),
(53, '2023-04-20', '2023-05-05'),
(54, '2022-08-25', '2022-09-10'),
(55, '2022-12-10', '2022-12-30'),
(56, '2022-07-01', '2022-07-15'),
(57, '2022-10-05', '2022-10-20'),
(58, '2022-12-25', '2023-01-10'),
(59, '2023-05-05', '2023-05-18'),
(60, '2022-09-10', '2022-09-25'),
(61, '2022-12-15', '2022-12-30'),
(62, '2022-07-05', '2022-07-20'),
(63, '2022-10-10', '2022-10-25'),
(64, '2022-12-30', '2023-01-15'),
(65, '2023-05-15', null),
(66, '2022-09-20', '2022-10-05'),
(67, '2022-11-05', '2022-11-20'),
(68, '2022-05-20', '2022-06-05'),
(69, '2022-09-25', '2022-10-10'),
(70, '2023-01-10', null),
(71, '2022-05-25', '2022-06-10'),
(72, '2022-10-01', '2022-10-15'),
(73, '2022-11-15', '2022-11-30'),
(74, '2022-06-05', '2022-06-20'),
(75, '2022-10-10', '2022-10-25'),
(76, '2022-11-20', '2022-12-05'),
(77, '2022-06-10', '2022-06-25'),
(78, '2022-10-15', null),
(79, '2022-11-25', '2022-12-10'),
(80, '2022-06-15', '2022-06-30'),
(81, '2022-10-20', '2022-11-05'),
(82, '2022-12-01', '2022-12-15'),
(83, '2023-02-20', null),
(84, '2022-10-25', '2022-11-10'),
(85, '2022-12-05', '2022-12-20'),
(86, '2023-04-25', null),
(87, '2022-11-01', '2022-11-15'),
(88, '2022-12-10', '2022-12-30'),
(89, '2022-07-01', '2022-07-15'),
(90, '2022-11-05', '2022-11-20'),
(91, '2022-12-15', '2022-12-30'),
(92, '2023-03-05', null),
(93, '2023-05-01', null),
(94, '2022-12-20', '2023-01-05'),
(95, '2022-07-15', '2022-07-30'),
(96, '2022-11-20', '2022-12-05'),
(97, '2022-12-25', '2023-01-10'),
(98, '2022-07-20', '2022-08-05'),
(99, '2022-11-25', '2022-12-10'),
(100, '2022-12-30', '2023-01-15');

INSERT INTO CoronaVaccine (PersonId, VaccinationDate, Manufacturer) VALUES
(1, '2022-03-20', 'Pfizer'),
(2, '2022-02-28', 'Moderna'),
(3, '2022-01-15', 'Johnson & Johnson'),
(4, '2022-05-20', 'AstraZeneca'),
(5, '2022-07-30', 'Pfizer'),
(6, '2022-06-15', 'Moderna'),
(7, '2022-04-30', 'Johnson & Johnson'),
(8, '2022-03-20', 'AstraZeneca'),
(9, '2022-08-25', 'Pfizer'),
(10, '2022-09-30', 'Moderna'),
(11, '2022-07-10', 'Johnson & Johnson'),
(12, '2022-03-15', 'AstraZeneca'),
(13, '2022-08-15', 'Pfizer'),
(14, '2022-10-05', 'Moderna'),
(15, '2022-11-20', 'Johnson & Johnson'),
(16, '2022-04-10', 'AstraZeneca'),
(17, '2022-08-15', 'Pfizer'),
(18, '2022-12-10', 'Moderna'),
(19, '2022-06-25', 'Johnson & Johnson'),
(20, '2022-09-10', 'AstraZeneca'),
(21, '2022-05-10', 'Pfizer'),
(22, '2022-02-20', 'Moderna'),
(23, '2022-12-01', 'Johnson & Johnson'),
(24, '2022-03-05', 'AstraZeneca'),
(25, '2022-08-15', 'Pfizer'),
(26, '2022-12-30', 'Moderna'),
(27, '2022-06-15', 'Johnson & Johnson'),
(28, '2022-09-25', 'AstraZeneca'),
(29, '2022-07-20', 'Pfizer'),
(30, '2022-11-10', 'Moderna'),
(31, '2022-04-25', 'Johnson & Johnson'),
(32, '2022-10-20', 'AstraZeneca'),
(33, '2022-08-30', 'Pfizer'),
(34, '2022-12-20', 'Moderna'),
(27, '2022-06-30', 'Johnson & Johnson'),
(36, '2022-09-20', 'AstraZeneca'),
(37, '2022-11-05', 'Pfizer'),
(38, '2022-03-25', 'Moderna'),
(39, '2022-07-25', 'Johnson & Johnson'),
(40, '2022-10-25', 'AstraZeneca'),
(41, '2022-05-01', 'Pfizer'),
(42, '2022-09-05', 'Moderna'),
(43, '2022-12-30', 'Johnson & Johnson'),
(44, '2022-07-15', 'AstraZeneca'),
(45, '2022-09-30', 'Pfizer'),
(46, '2022-12-15', 'Moderna'),
(47, '2022-04-20', 'Johnson & Johnson'),
(48, '2022-08-25', 'AstraZeneca'),
(27, '2023-01-05', 'Pfizer'),
(50, '2022-07-30', 'Moderna'),
(51, '2022-10-10', 'Johnson & Johnson'),
(52, '2022-04-05', 'AstraZeneca'),
(6, '2022-08-10', 'Pfizer'),
(54, '2022-12-25', 'Moderna'),
(55, '2022-07-15', 'Johnson & Johnson'),
(56, '2022-11-05', 'AstraZeneca'),
(57, '2022-08-20', 'Pfizer'),
(20, '2022-12-30', 'Moderna'),
(59, '2022-07-20', 'Johnson & Johnson'),
(60, '2022-11-10', 'AstraZeneca'),
(61, '2022-09-05', 'Pfizer'),
(62, '2022-12-15', 'Moderna'),
(63, '2022-07-20', 'Johnson & Johnson'),
(64, '2022-10-25', 'AstraZeneca'),
(65, '2022-11-05', 'Pfizer'),
(66, '2022-12-20', 'Moderna'),
(67, '2022-07-30', 'Johnson & Johnson'),
(6, '2022-11-15', 'AstraZeneca'),
(69, '2022-09-10', 'Pfizer'),
(70, '2022-12-25', 'Moderna'),
(71, '2022-07-25', 'Johnson & Johnson'),
(72, '2022-11-20', 'AstraZeneca'),
(10, '2022-09-15', 'Pfizer'),
(74, '2022-12-30', 'Moderna'),
(75, '2022-07-30', 'Johnson & Johnson'),
(76, '2022-11-25', 'AstraZeneca'),
(5, '2022-09-20', 'Pfizer'),
(30, '2023-01-05', 'Moderna'),
(32, '2022-08-05', 'Johnson & Johnson'),
(80, '2022-11-30', 'AstraZeneca'),
(81, '2022-09-25', 'Pfizer'),
(82, '2023-01-10', 'Moderna'),
(85, '2022-08-10', 'Johnson & Johnson'),
(40, '2022-12-05', 'AstraZeneca'),
(85, '2022-09-30', 'Pfizer'),
(86, '2023-01-15', 'Moderna'),
(87, '2022-08-15', 'Johnson & Johnson'),
(1, '2022-12-10', 'AstraZeneca'),
(89, '2022-10-05', 'Pfizer'),
(90, '2023-01-20', 'Moderna'),
(2, '2022-08-20', 'Johnson & Johnson'),
(92, '2022-12-15', 'AstraZeneca'),
(93, '2022-10-10', 'Pfizer'),
(94, '2023-01-25', 'Moderna'),
(95, '2022-08-25', 'Johnson & Johnson'),
(5, '2022-12-20', 'AstraZeneca'),
(97, '2022-10-15', 'Pfizer'),
(98, '2023-02-01', 'Moderna'),
(20, '2022-08-30', 'Johnson & Johnson'),
(100, '2022-12-25', 'AstraZeneca');
